Roll,Name,Maths,Python,DBMS,OS,AI
CS101,Aarav Sharma,82,56,64,72,53
CS102,Diya Patel,62,53,39,47,54
CS103,Rohan Mehta,64,51,41,36,37
CS104,Sneha Reddy,72,61,66,61,76
CS105,Kabir Singh,60,85,77,62,89
CS106,Ananya Iyer,66,66,64,76,47
CS107,Vihaan Gupta,86,80,69,75,69
CS108,Meera Nair,94,71,76,80,71
CS109,Arjun Rao,69,84,75,83,92
CS110,Isha Verma,46,61,61,63,49
CS111,Rahul Das,58,72,77,57,73
CS112,Priya Menon,54,41,50,56,52
CS113,Karan Joshi,83,69,73,77,88
CS114,Neha Kapoor,72,70,68,86,66
CS115,Aditya Kulkarni,49,65,56,63,62
